{"cameraMode":{"drawMode":0,"name":"Shaded","section":"Shading Mode"},"sceneLighting":false,"audioPlay":false,"sceneViewState":{"m_AlwaysRefresh":false,"showFog":false,"showSkybox":false,"showFlares":false,"showImageEffects":false,"showParticleSystems":false,"showVisualEffectGraphs":true,"m_FxEnabled":true},"in2DMode":false,"pivot":{"x":0.13362641632556916,"y":0.8242225646972656,"z":-0.0028929710388183595},"rotation":{"x":0.0006417497643269599,"y":-0.9992249608039856,"z":-0.03717643395066261,"w":-0.015476931817829609},"size":0.8765475153923035,"orthographic":false}