{"cameraMode":{"drawMode":0,"name":"Shaded","section":"Shading Mode"},"sceneLighting":false,"audioPlay":false,"sceneViewState":{"m_AlwaysRefresh":false,"showFog":false,"showSkybox":false,"showFlares":false,"showImageEffects":false,"showParticleSystems":false,"showVisualEffectGraphs":true,"m_FxEnabled":true},"in2DMode":false,"pivot":{"x":-0.00016796588897705078,"y":0.7566944360733032,"z":0.020447850227355958},"rotation":{"x":0.07075096666812897,"y":-0.8166959285736084,"z":0.10243277996778488,"w":0.5635442733764648},"size":1.1315704584121705,"orthographic":false}