{"cameraMode":{"drawMode":0,"name":"Shaded","section":"Shading Mode"},"sceneLighting":false,"audioPlay":false,"sceneViewState":{"m_AlwaysRefresh":false,"showFog":true,"showSkybox":false,"showFlares":true,"showImageEffects":true,"showParticleSystems":true,"showVisualEffectGraphs":true,"m_FxEnabled":true},"in2DMode":false,"pivot":{"x":-916.4649658203125,"y":22.307992935180665,"z":2856.974365234375},"rotation":{"x":0.19904397428035737,"y":0.09353016316890717,"z":-0.019056551158428193,"w":0.9753450155258179},"size":0.8660253882408142,"orthographic":false}