{"cameraMode":{"drawMode":0,"name":"Shaded","section":"Shading Mode"},"sceneLighting":false,"audioPlay":false,"sceneViewState":{"m_AlwaysRefresh":false,"showFog":true,"showSkybox":false,"showFlares":true,"showImageEffects":true,"showParticleSystems":true,"showVisualEffectGraphs":true,"m_FxEnabled":true},"in2DMode":false,"pivot":{"x":-0.016055315732955934,"y":0.6626879572868347,"z":-1.8805981874465943},"rotation":{"x":-0.06838594377040863,"y":0.8447085022926331,"z":-0.11108669638633728,"w":-0.5192283391952515},"size":3.007478713989258,"orthographic":false}