{"cameraMode":{"drawMode":0,"name":"Shaded","section":"Shading Mode"},"sceneLighting":false,"audioPlay":false,"sceneViewState":{"m_AlwaysRefresh":false,"showFog":true,"showSkybox":false,"showFlares":true,"showImageEffects":true,"showParticleSystems":true,"showVisualEffectGraphs":true,"m_FxEnabled":true},"in2DMode":false,"pivot":{"x":-11.924540519714356,"y":1.6104999780654908,"z":-31.994043350219728},"rotation":{"x":0.1075664535164833,"y":-0.7080801725387573,"z":0.11047925055027008,"w":0.6891354322433472},"size":1.5081747770309449,"orthographic":false}