{"cameraMode":{"drawMode":0,"name":"Shaded","section":"Shading Mode"},"sceneLighting":false,"audioPlay":false,"sceneViewState":{"m_AlwaysRefresh":false,"showFog":false,"showSkybox":false,"showFlares":false,"showImageEffects":false,"showParticleSystems":false,"showVisualEffectGraphs":true,"m_FxEnabled":true},"in2DMode":false,"pivot":{"x":0.024485889822244645,"y":0.361998975276947,"z":0.08178704977035523},"rotation":{"x":-0.03310695290565491,"y":-0.9286673069000244,"z":0.35946547985076907,"w":-0.08569049090147019},"size":0.1287831962108612,"orthographic":false}