{"cameraMode":{"drawMode":0,"name":"Shaded","section":"Shading Mode"},"sceneLighting":false,"audioPlay":false,"sceneViewState":{"m_AlwaysRefresh":false,"showFog":true,"showSkybox":false,"showFlares":true,"showImageEffects":true,"showParticleSystems":true,"showVisualEffectGraphs":true,"m_FxEnabled":true},"in2DMode":false,"pivot":{"x":-12.70101261138916,"y":2.163097381591797,"z":-25.905582427978517},"rotation":{"x":0.026630962267518045,"y":0.9553052186965942,"z":-0.2801955044269562,"w":0.09059426933526993},"size":2.2405357360839845,"orthographic":false}