{"cameraMode":{"drawMode":0,"name":"Shaded","section":"Shading Mode"},"sceneLighting":false,"audioPlay":false,"sceneViewState":{"m_AlwaysRefresh":false,"showFog":true,"showSkybox":false,"showFlares":true,"showImageEffects":true,"showParticleSystems":true,"showVisualEffectGraphs":true,"m_FxEnabled":true},"in2DMode":false,"pivot":{"x":0.7137990593910217,"y":-0.2042071521282196,"z":-10.417601585388184},"rotation":{"x":-0.00025406049098819494,"y":-0.9994059205055237,"z":0.03480656445026398,"w":-0.010747815482318402},"size":6.333456039428711,"orthographic":false}